"ID","Teacher Name","Class","Section","Total Students","Data Entered","Remaining Students","Completion %","Status","Remarks","Last Updated"
"femis-101","Mr. Muhammad Tariq","Class 6","Section A","42","42","0","100%","Completed","Completed, all NADRA B-forms verified.","2026-10-01 10:30 AM"
"femis-102","Mr. Shahid Ali","Class 6","Section B","40","35","5","88%","In Progress","5 students pending guardian CNIC copies.","2026-10-01 11:15 AM"
"femis-103","Mr. Kamran Khan","Class 7","Section A","45","45","0","100%","Completed","100% verified with admission ledger.","2026-10-01 12:00 PM"
"femis-104","Dr. Muhammad Imran","Class 7","Section B","43","30","13","70%","In Progress","In progress, 13 forms under entry.","2026-10-01 01:45 PM"
"femis-105","Mr. Abdul Rehman","Class 8","Section A","48","48","0","100%","Completed","Completed successfully and cross-checked.","2026-10-01 02:30 PM"
"femis-106","Mr. Naveed Akhtar","Class 8","Section B","46","38","8","83%","In Progress","8 student photographs and B-forms pending.","2026-10-02 09:15 AM"
"femis-107","Mr. Zahid Hussain","Class 9","Section A","50","50","0","100%","Completed","Federal Board registration cross-checked.","2026-10-02 09:45 AM"
"femis-108","Mr. Asim Qureshi","Class 9","Section B","48","36","12","75%","In Progress","Awaiting 12 B-Forms from new admissions.","2026-10-02 10:20 AM"
"femis-109","Mr. Bilal Ahmed","Class 10","Section A","52","52","0","100%","Completed","Completed, verified with FBISE record.","2026-10-02 10:50 AM"
"femis-110","Mr. Salman Raza","Class 10","Section B","50","44","6","88%","In Progress","6 students pending father CNIC updates.","2026-10-02 11:10 AM"
"femis-111","Prof. Ihsan Ul Haq","1st Year","Pre-Medical","55","55","0","100%","Completed","All student files completed and locked.","2026-10-02 11:35 AM"
"femis-112","Mr. Rizwan Shah","1st Year","Pre-Engineering","54","41","13","76%","In Progress","13 awaiting domicile verification.","2026-10-02 12:00 PM"
"femis-113","Mr. Waqas Farooq","1st Year","ICS","50","50","0","100%","Completed","100% completed and cross-checked.","2026-10-02 12:15 PM"
"femis-114","Mr. Kashif Mehmood","2nd Year","Pre-Medical","48","48","0","100%","Completed","Completed and finalized for board submission.","2026-10-02 12:25 PM"
"femis-115","Mr. Usman Ghani","2nd Year","Pre-Engineering","45","45","0","100%","Completed","Completed, all verification tags added.","2026-10-02 12:30 PM"
"femis-116","Mr. Hammad Butt","2nd Year","ICS","46","39","7","85%","In Progress","7 pending final roll number slips.","2026-10-02 12:40 PM"
